fold,accuracy,f1,precision,recall
1,0.8867924528301887,0.0625,1.0,0.03225806451612903
2,0.9245283018867925,0.5,1.0,0.3333333333333333
